編號,旅行社名稱,負責人,地址,公司電話,公司傳真,公司E_MAIL
1,東晟旅行社,曾定中,10446臺北市中山區中山北路2段45巷23號3樓之3,0225651515,0225316279,transcon@ms2.hinet.net
2,首都旅行社,林明發,10470臺北市中山區民權東路2段55號2樓,0225966923,0225965975,capital@agent.abacus.com.tw
3,康泰旅運社,黃錦華,10658臺北市大安區建國南路2段9號2樓之1,0227064861,0227004968,service@kongtai.com.tw
4,,,,,,
5,台灣中國旅行社,上海商業儲蓄銀行股份有限公司法人代表周慶雄,10448臺北市中山區林森北路54號1樓,0225625858,0225119890,service@chinatravel.com.tw
6,平和旅行社,黃朝義,10666臺北市大安區復興南路1段249號4樓,0227068638,0227066655,pinho111@ms27.hinet.net
7,美侖旅行社,蔡幸祥,10445臺北市中山區中山北路2段99號9樓之3,0225622891,0225819239,mln@ms29.hinet.net
8,永航旅行社,劉克敏,10472臺北市南京東路2段178號4樓,0225060005,0225031202,judy0112345@hotmail.com
9,,,,,,
10,,,,,,
11,吉美旅行社,賴惠麗,10046臺北市忠孝東路1段17號4樓,0223949166,0223410858,jimmytr@ms59.hinet.net
12,新亞旅行社,張政美,10458臺北市中山區農安街32號3樓、8樓之3、8樓之4,0225982111,0225945912,343@shinyaito.com.tw
13,友愛旅行社,李東榮,10460臺北市民權西路27號2樓之1,0225913650,0225993742,youitour@ms38.hinet.net
14,山水旅行社,楊豐原,10446臺北市中山北路2段57之1號6樓,0225511101,0225630241,smitpets@ms4.hinet.net
15,開發旅行社,梁榮堯,10466臺北市長安東路2段184號5樓,0227110045,0227519531,
16,光陽旅行社,黃學容,10490臺北市龍江路42號6樓,0227212101,0227528177,apollo.ko@msa.hinet.net
17,天南旅行社,陳瑞宗,10649臺北市忠孝東路3段255號3樓,0227725511,0227725510,
18,福國旅行社,亞洲華人資產管理股份有限公司法人代表    謝士滄,10462臺北市中山區敬業一路185號8樓之3,0285021556,0285020522,0215@tata.org.tw
19,大洋旅行社,紀東滄,104臺北市中山區民權東路3段4號5樓,0225074567,0225080567,fia033@egots.com
20,假日旅行社,王振銘,10647臺北市新生南路1段93號7樓、7樓之1,0227765781,0227766947,maggie@whtravel.com
21,天天旅行社,陳昭德,10049臺北市中正區重慶南路1段10號11樓,0223313181,0223710616,dailytour@tpe.atti.net.tw
22,新日旅行社,謝憲治,10457臺北市中山區南京東路2段69號10樓,0225681688,0225626696,sanpunaruwato@kimo.com.tw
23,大道旅行社,李本玠,10449臺北市中山區長安東路2段108號10樓1001室,0225075111,0225155818,bonita-standard@kimo.com
24,金界旅行社,張李正琴,10669臺北市忠孝東路4段142號5樓之2,0227733266,0227723449,service@travelonline.com.tw
25,太魯閣旅行社,黃建臺,10545臺北市松山區南京東路4段47號7樓,0227176555,0227175820,service@tiroko.com.tw
26,明利旅行社,許兆麟,10456臺北市中山區松江路54號8樓之2,0225652780,0225219809,merry16@ms27.hinet.net
27,中春旅行社,官君怡,10049臺北市中正區忠孝東路1段176號9樓,0223415311,0223939163,scts0357@ms39.hinet.net
28,正安旅行社,吳碧蓮,10552臺北市八德路4段699號5樓之3及9樓之1,0227631313,0227474406,lilywu@ms11.hinet.net
29,宏祥旅行社,郭裕家,10472臺北市松江路190號4樓,0225635313,0225634803,edisonts@ms6.hinet.net
30,永盛旅行社,朱光志,10544臺北市松山區復興北路167號13樓之2,0227187300,0227180201,service@dragontr.com.tw
31,協和旅行社,張伸茂,11493臺北市內湖區洲子街75號3樓,0287515958,0287512768,harmony.travel@msa.hinet.net
32,佳安旅行社,林麗如,100臺北市中正區忠孝東路1段85號12樓之1,0233933132,0223578330,angel@acrosstex.com.tw
33,,,,,,
34,中證旅行社,劉玉銘,10455臺北市中山區松江路3號13樓之5,02-25020059,02-25027078,show@molifeholiday.com.tw
35,正洋旅行社,周秀卿,10464臺北市南京東路2段100號4樓之4,0225251153,0225674943,ok@oktravel.com.tw
36,西南旅行社,李  欣,105臺北市松山區民權東路3段178號5樓,0266001688,0266001686,swest919@ms43.hinet.net
37,臺灣親親旅行社,朱玉和,10048臺北市中正區中山北路1段2號2樓之1,0225551816,0225591628,
38,安順旅行社,林維揚,10465臺北市中山區吉林路36號10樓,0225413838,0225238575,marco383@ms19.hinet.net
39,弘泰旅行社,李大任,10545臺北市松山區南京東路4段50號9樓之2,0225780738,0225777918,leewuyai@tpts6.seed.net.tw
40,大盟旅行社,陳照雄,10655臺北市大安區復興南路1段368號2樓,0227033530,0227070871,rcetpe@ms31.hinet.net
41,捷運旅行社,張德清,10450臺北市八德路2段245號11樓,0287722328,0287722229,
42,安迪旅行社,劉慶河,104臺北市中山區南京東路2段160號6樓,0225006727,0225006737,luke@looktaiwan.info
43,正一旅行社,丁文茵,10472臺北市松江路185號8樓之1,0225072184,0225062123,cyts@hotelindex.com.tw
44,楷模旅行社,王雙秀,110臺北市松山區南京東路5段296號12樓,0225289809,0225289815,ericchiao136@hotmail.com
45,東航旅行社,柯汝倩,10466臺北市長安東路2段178號9樓之7,0227219683,0227219681,
46,和興旅行社,林佩英,104臺北市中山區長安東路2段90號7樓,0225077779,0225038307,charly_kao@yahoo.com.tw
47,環球旅行社,陳再田,10455臺北市中山區松江路51號6樓,0225073636,0225073838,servic@mis.utsc.com.tw
48,福鹿旅行社,王朝槐,10468臺北市中山區復興北路60號8樓,0227400128,0227518874,fullluck@agent.abacus.com.tw
49,,,,,,
50,永安國際旅行社,吳森垚,104臺北市中山區長安東路1段25號地下室,0225813535,0225361790,
51,長漢旅行社,王啟漢,10449臺北市中山區長安東路2段52號6樓之1,0225638770,0225620577,
52,上順旅行社,李南山,10487臺北市中山區南京東路3段61號10樓、63號11樓,0225171157,0225045380,service@fantasy-tours.com
53,,,,,,
54,中聯旅行社,楊馥霞,10485臺北市中山區長春路172號10樓,0225077789,0225040004,
55,六順旅行社,鄭明順,10696臺北市大安區忠孝東路4段295號3樓,0227789366,0227735667,lshuen.travel@msa.hinet.net
56,寶獅旅行社,雄獅旅行社股份有限公司法人代表 陳豊續,114臺北市內湖區瑞湖街111號6樓,0287939000#8092,02-66006011,
57,中安旅行社,李純純,10449臺北市中山區吉林路24號8樓,0225610785,0225610739,joanne-joan@tpe2.atti.net.tw
58,北航旅行社,胡靜嫻,10542臺北市復興北路181號2樓、2樓之3,0225453000,0227174831,service@farstep.com.tw
59,萬盛旅行社,魏綺年,10472臺北市松江路158號6樓,0225670532,0225630373,wstour@ms8.hinet.net
60,晨風旅行社,劉志旋,10447臺北市長安東路1段15號5樓,0225510553,0225224634,xmorning@ms24.hinet.net
61,雙向國際旅行社,艾施鴻,10449臺北市中山區松江路54號5樓,0277291177,0277012112,sales@sunshinetw.com.tw
62,大登旅行社,林博宗,10472臺北市松江路146號8樓之3,0225683028,0225683238,travel@martin.com.tw
63,天海旅行社,曾盛鈺,10467臺北市中山區龍江路96號6樓,0225065593,,tee285@mail.tenhai.com.tw
64,喜美旅行社,莊世忠,10449臺北市長安東路2段78號4樓,0225094888,0225060784,service@gts.gloriatour.com.tw
65,鳳凰國際旅行社,張金明,10441臺北市中山區長安東路1段25號4樓,0225370000,0266082512,info@phoenix.com.tw
66,世邦旅行社,陳屬庄,10456臺北市中山區松江路82號5樓、5樓之1、5樓之2,0225115118,0225214743,service@4p.com.tw
67,,,,,,
68,康福旅行社,黃明峰,10465臺北市中山區南京東路2段98號4樓,0225221771,0225413527,marketing.b2c@colatour.com.tw
69,雄獅旅行社,王文傑,114臺北市內湖區瑞湖街111號2樓,0287939000,0227121229,lion@liontravel.com.tw
70,翔富旅行社,何育才,10046臺北市忠孝東路1段138號2樓,0223225219,0223945892,service@rts.com.tw
71,東南旅行社,黃正一,10448臺北市中山區中山北路2段60號1、2、3、4、5、6、7、8樓,0225678111,0225117897,jane@settour.com.tw
72,行家旅行社,海英倫,10449臺北市中山區松江路23號8樓,0225168000,0225042002,giya@protour.com.tw
73,山富國際旅行社,陳國森,10407臺北市中山區南京東路2段85、87號4樓,0225518866,0225361332,rit@richmond.com.tw
74,華郁旅行社,關珮潔,10478臺北市中山區民生東路3段69號5樓,0225175577,0225073941,tpe@ermtour.com.tw
75,協益旅行社,廖豐盛,10469臺北市中山區松江路274號7樓,0225515166,0225630408,eva@scope.com.tw
76,志洋旅行社,蕭志洋,10488臺北市中山區南京東路3段210號10樓,0227514000,0227810747,xotour@ms24.hinet.net、xotour@hotmail.com
77,大榮旅行社,郭榮華,10465臺北市中山區南京東路2段66號12樓之2,0225679315,0225633980,6524@gogojp.com.tw
78,永業旅行社,吳勛豐,104臺北市建國北路2段33號15樓之6,0225155989,0225155987,service@appletour.com.tw
79,,,,,,
80,悅群旅行社,張玉林,104臺北市中山區復興北路164號2樓,0227199393,0227152898,yuyi-chang@heartytour.com.tw
81,大都會旅行社,林進榮,10455臺北市長安東路2段67號11樓,0225155858,0266088509,linlinlin@ddv.com.tw
82,名冠旅行社,吳志崧,10545臺北市松山區復興北路15號15樓之1,0227315066,0227774939,a27312288@msn.com
83,新台旅行社,蔡康彥,10449臺北市中山區長安東路2段100號3樓,0225132928,0225180968,eztour@signet.com.tw
84,中信旅行社,章致遠,10546臺北市中山區民權東路2段59號3樓,0225868189,0225868658,ciytrust@seed.net.tw
85,保保旅行社,戴啟珩,10455臺北市中山區長安東路2段88號11樓,0225055677,0225183328,dianna@bobby.com.tw
86,天擎旅行社,許禓哲,10466臺北市中山區民生東路2段170號8樓,0225182118,0225072626,skyway.tour@xuite.net   steve@skyway.com.tw
87,中國時報旅行社,中國時報文化事業股份有限公司法人代表李玉生,10485臺北市大同區承德路一段70號4樓,0225589669,0225589885,Michelle.chen@cts-travel.com.tw
88,鴻大旅行社,張莉穎,10448臺北市中山區林森北路96號6樓、6樓之1、3、及9樓,0225675235,0225681614,ticket@hungta-travel.com.tw
89,喜鴻旅行社,葉友芳,10458臺北市中山區松江路148號6樓之2及8樓之1,0225636836,0225156820,
90,易遊網旅行社,易遊網股份有限公司 陳甫彥,10478臺北市中山區民生東路3段49號2樓、51號4樓,0225010888,0225168186,service@eztravel.com.tw
91,美齊旅行社,溫多如,11491臺北市內湖區瑞光路2號7樓,0225450978,0225451066,denise@mail.jean.com.tw
92,誠信旅行社,易飛網科技股份有限公司法人代表李克敬,10045臺北市中正區衡陽路51號2樓之1,02-77250800,022-66014688,
93,世界旅行社,黃奕鋒,10486臺北市中山區松江路101號7樓之1,0225152185,0225074420,world@toku.com.tw
94,理想旅運社,蔡榮一,104臺北市長春路129號3樓,0225215241,0225426817,sales@perfect.com.tw
95,開喜旅行社,高成功,10472臺北市松江路152號10樓之9、之10,0225416066,0225416055,travel@mail.travelland.com.tw
96,昇漢旅行社,柯牧洲,10466臺北市中山區長安東路2段178號9樓、9樓之1、之2,0227219683,0227710820,waptravel@seed.net.tw
97,樺一旅行社,嚴從音,10449臺北市長安東路2段110號7樓之1,0225063581,0225071272,spacetk@ms47.hinet.net
98,四維旅行社,梁翠寶,10446臺北市民生東路1段58號10樓之1、2,0225116341,0225119203,rsvn@inter-asia.com.tw
99,,,,,,
100,利代旅行社,陳治平,10457臺北市中山區南京東路2段60號10樓,02-25433399,02-25373224,service@have Funtraveil.tw
101,大吉大發旅行社,李佳蓁,10463臺北市中山區建國北路二段33號4樓,0225075678,0225094288,ycc8@ms47.hinet.net
102,星港旅行社,陳阿福,104臺北市中山區長春路四十號十樓之三、四,0225653016,0225416381,
103,貴賓旅行社,王錦鳳,10449臺北市中山區吉林路24號11樓之1,0225620676,0225623147,kepin@kepintours.com.tw
104,,,,,,
105,,,,,,
106,國盛旅行社,法人股東龍騰國際投資股份有限公司法人代表林明昇,10341臺北市大同區鄭州路137號地下一層,02-25546765,,gh1398@ms38.hinet.net
107,宗龍旅行社,楊妮蘭,10472臺北市中山區長春路172號9樓之5,0225179933,0225042911,a5179933@ms31.hinet.net
108,,,,,,
109,世梅旅行社,王世雄,10669臺北市忠孝東路4段166號9樓之2,0287733111,0287733113,johntour@ms24.hinet.net
110,嘉聯國際旅行社,楊宜縈,100臺北市中正區忠孝東路2段100號2樓之3,0223022158,0229957402,funziyu@hotmail.com
111,東假旅行社,劉富誠,10489臺北市中山區南京東路2段150號2樓,0225010881,0225428840,ab0013@tpe.atti.net.tw
112,捷立旅行社,宋易潔,10456臺北市中山區松江路338號10樓,0225652135,0225812809,jolly.tour@msa.hinet.net
113,九和旅行社,杜秋月,104臺北市中山區長安東路2段169-6號11樓之2,0227772691,0227772681,fuchuan_chen51@hotmail.com
114,金環球旅行社,翁炳贊,10466臺北市中山區長安東路2段173號11樓、11樓之1,0227212166,0227212190,gut1127@hotmail.com
115,可樂旅行社,黃明峰,11491臺北市內湖區內湖路1段252號4樓,0225111199,0225315301,manage.tpe@colatour.com.tw
116,嘉航旅行社,林來明,10455臺北市長安東路2段81號5樓之1,0225155589,0225156235,travel51@ms46.hinet.net
117,台佳旅行社,賴錦雲,104臺北市中山區民生東路1段27巷11號3樓之1,0225423845,0225417828,t3845@ms12.hinet.net
118,,,,,,
119,巨冠旅行社,國光汽車客運股份有限公司法人代表王應傑,100臺北市中正區忠孝西路一段173號,0223810666,0223819585,service@kkholiday.com.tw
120,金漢妮旅行社,黃麗卿,10452臺北市中山區撫順街23號4樓,0225868618,0225852588,thehoney@ms51.hinet.net
121,統元旅行社,林漢淳,10472臺北市中山區長春路149之3號2樓,0225620869,0225818413,
122,天馬旅行社,李松茂,104臺北市中山區中山北路2段71號9樓,0221002078,0225237456,feng@settour.com.tw
123,正麗旅行社,黃麗翠,10467臺北市中山區南京東路3段9號7樓之1,0225150463,0225150465,chengli886@hotmail.com
124,,,10490臺北市中山區松江路301號6樓之2,0225170818,0225012808,Jacky888835@hotmail.com
125,中國青年旅行社,法人股東中國青年救國團法人代表 王福生,10049臺北市中正區館前路45號2樓,0223711226,0223110631,cyis.atc@msa.hinet.net
126,彩虹國際旅行社,陳俊良,10456臺北市中山區松江路54號7樓之1,0225677177,0225672169,rainbowtw@swamail.com
127,,,,,,
128,那魯灣旅行社,楊士成,10472臺北市中山區松江路206號3樓之6、7、8,0225619911,0225113030,edward@naruwan.com、jenny@naruwan.com
129,冠霖旅行社,林逸生,10465臺北市中山區南京東路2段20號4樓,0225376688,0225635858,sophia.kl@msa.hinet.net
130,飛雁國際旅行社,吳雁輝,10467臺北市中山區南京東路3段91號11樓之4,0225168833,0225056767,feiyen@ms23.hinet.net
131,華潤旅行社,劉筱蘭,11052臺北市信義區基隆路2段51號4樓之1,0223785766,0227392495,hwashin@ms10.hinet.net
132,萬海旅行社,吳榮枝,10460臺北市中山區長安東路2段78號5樓,0225030580,0225362263,g2677@ms57.hinet.net
133,美雲旅行社,吳清榮,10449臺北市中山區長安東路2段51號4樓,0225235788,0225239398,tlitours@ms23.hinet.net
134,建明國際旅行社,徐范煦敏,114臺北市內湖區新湖三路196號3樓,02-27965696,0225175883,aps03@aps.com.tw
135,亨達旅行社,翁文彬,10485臺北市中山區松江路129號5樓,0225029766,0225029768,hengda2.travel@msa.hinet.net
136,廈航旅行社,陳明金,10452臺北市中山區民生東路3段3號11樓,0225073737,0277015614,qiu99@sparqnet.net
137,美和旅行社,陳春蘭,10449臺北市中山區松江路67號9樓之3,0225166221,0225098703,m5166221@ms29.hinet.net
138,川流國際旅行社,旭海國際科技股份有限公司法人代表林志融,10450臺北市中山區中山北路2段115巷47號2樓,0225082888,0225000777,
139,創意旅行社,田穗生,10447臺北市中山區長安東路1段4號3樓,0225638787,0225636116,tiensir@hotmail.com
140,興安旅行社,欒興秀,10472臺北市中山區松江路200號6樓之1,0225814548,0225627752,shine688@ms57.hinet.net
141,吉祥旅行社,王明俐,10441臺北市中山區中山北路一段41號(3樓),0225512282,0225422396,lucky@tpe2.atti.net.tw
142,阿波羅旅行社,辜柏榮,10460臺北市中山區民權東路1段72號6樓,0225238686,0225232086,apolo88@ms59.hinet.net
143,聯華旅行社,賴正宏,10485臺北市中山區松江路185號9樓之5、之6,0225097868,0225091780,Payeasy176@payeasy.com.tw
144,嘉仁旅行社,侯浩仁,10449臺北市中山區松江路127之1號2樓,0225019667,0225048605,
145,御盛旅行社,林約珥,10488臺北市中山區復興北路38號10樓,0277293511,0227517654,kenny@muchfun.com.tw
146,知見旅行社,陳旭煌,10452臺北市中山區民權西路11號8樓,0225850995,0225850078,
147,鵬展旅行社,林英傑,10491臺北市內湖區內湖路一段409號3樓,0287706463,0287706625,mimi@pctl.com.tw
148,海峽友誼旅行社,英屬維京群島商海峽友誼旅行社股份有限公司法人代表陳新智,104臺北市中山區南京東路2段150號2樓及8樓,0225033138,0225033137,
149,身心康泰旅行社,符忠寧,10545臺北市松山區南京東路4段51號2樓,0287127263,0227192098,
150,嘉禾旅行社,戴東波,70042臺南市健康路1段371號1、2樓,062637171,062638507,GLTOUR1@AGENT.ABACUS.COM.TW
151,永順旅行社,新竹汽車客運股份有限公司法人代表許炤平,30042新竹市民族路16號2樓,035265151,035265152,fwtravel@ms34.hinet.net
152,宏陽旅行社,楊于正,64044雲林縣斗六市鎮東路8號1、2樓,055332691,055329670,hytour@ms5.hinet.net
153,,,,,,
154,星辰旅行社,陳勁宇,701臺南市東區慶東街96號1樓,062377911,062378518,janemcyeh@hotmail.com
155,,,,,,
156,中盟旅行社,鄭銘琮,40745臺中市青海路2段51之1號1、2樓,0423110000,0423114258,cmtxg@yahoo.com.tw
157,捷利旅行社,吳盈良,70041臺南市民族路2段76號之10、5樓之4,062290100,062269075,chiehliholiday@yahoo.com.tw
158,行邦旅行社,安迪旅行社股份有限公司法人代表劉慶河,10489臺北市中山區南京東路2段160號6樓,0225180455,0225006685,
159,大馨旅行社,蕭博仁,60058嘉義市友忠路546巷1號2樓,052320032,052322020,hua111@ms34.url.com.tw
160,大山旅行社,何璧修,60044嘉義市和平路283之1號2樓,052288771,052249501,service@suntour.com.tw
161,桃源旅行社,蔡輝勳,33059桃園縣桃園市中山路709號6樓,032289889,032289893,taiwan@tauyuan.com.tw
162,義美旅行社,匡立中,62142嘉義縣民雄鄉建國路2段114號1樓,052212060,052219446,imits@ms37.hinet.net
163,澄清湖旅行社,甘光宇,83044高雄市鳳山區建國路3段34號2、3樓,077767729,072418697,
164,,,,,,
165,翔天國際旅行社,陳吳冊,95044臺東縣台東市傳廣路198號1樓,089355439,089355429,boss.tour@msa.hinet.net
166,萬客隆旅行社,吳佳怡,33442桃園縣八德市瑞發街22號,033688899,033651870,marktour@seed.net.tw
167,新世紀國際旅行社,巫重熙,50045彰化縣彰化市中興路122號1、2樓,047266737,047266890,hh2488@hotmail.com
168,喜來登旅行社,高健智,104臺北市中山區南京東路4段130號12樓,0225789876,,
169,同興旅行社,戴金平,104臺北市中山區中山北路3段26號10樓之2,034272489,034278511,
170,,,,,,
171,高平旅行社,林怡伶,30342新竹縣湖口鄉信勢村龍江街55號1樓,035239998,035997416,p48gkf7@ms21.hinet.net
172,華府旅行社,廖泳淀,40356臺中市西區公益路367號10樓之2,0423280093,0423199393,www.hwafu.travel@msa.hinet.net
173,大立旅行社,法人股東旗豐旅行社股份有限公司法人代表王琪炫,10469臺北市中山區民權東路2段26號10樓、10樓之1,02-25428856,,david@davidtour.com.tw
174,永康旅行社,董欽智,80241高雄市四維四路5號5樓之2,073330045,073352385,sandyt@ms21.hinet.net
175,八達旅行社,廖素葳,801高雄市前金區七賢二路396號10樓之4,072825346,072825734,d8dtour@hotmail.com
176,六合旅行社,駱炫宏,80142高雄市前金區旺盛街192號1樓﹝含夾層﹞,072727117,072164967,new-nahaholiday@kimo.com.tw
177,國益旅行社,王憲國,80241高雄市新光路24巷1號5樓之4,073332257,073328424,ardour@ksts.seed.net.tw
178,五福旅行社,許順富,80748高雄市三民區博愛一路28號10樓,07-3231155,07-3233302,service@lifetour.com.tw
179,金鶴旅行社,林金陵,80748高雄市博愛一路28號13樓,073234333,073233312,pride111@ms11.hinet.net
180,京城旅行社,沈本立,80143高雄市前金區中華四路282號7樓,072157138,072161692,castlets@ms49.hinet.tw
181,長谷旅行社,徐志鈴,80145高雄市前金區中華三路77之1號8樓之1,072727202,072156005,wang0727@ms31.hinet.net
182,喬安旅行社,陳俊良,80242高雄市苓雅區海邊路26之1號1、2樓及26之2號1、2樓,073367118,073360089,in_bound@joanna.com.tw
183,飛揚旅行社,黃金祥,80042高雄市新興區林森一路189號7樓,072364129,072363101,flytour8@ms47.hinet.net
184,鋼友旅行社,鋼福育樂股份有限公司法人代表王茂濱,80146高雄市前金區中華四路282號3樓,072158999,072153939,pppp@csctours.com.tw
185,華泰旅行社,莊世棠,80045高雄市民生一路56號14樓之8,072247219,072263511,
186,長益旅行社,郭川儀,80749高雄市三民區北平二街10號3樓之1,073235250,073237751,anan_tsao@hotmail.com
187,魯安旅行社,劉健魯,80046高雄市中正四路53號4樓之4、5,2824854,2165586,
188,東宏旅行社,鄭雪玲,80144高雄市前金區河東路8號10樓之4,072212293,072822464,tunghung@khh.atti.net.tw
189,,,,,,
190,萬事達國際旅行社,李玉文,80759高雄市三民區建元路9巷46號1、2樓(含夾層),073890608,073890658,master5513@yahoo.com.tw
191,今喜旅行社,江其興,80743高雄市三民區博愛一路189號9樓、9樓之1,073161983,073161953,Chin-hsi@yahoo.com.tw
192,美利達旅行社,黃俊郎,806高雄市前鎮區一心二路33號4樓,073313507,073316719,
193,佳和旅行社,吳麗如,80143高雄市中華三路77之1號5樓之2,072518903,072827398,ch@chiaho.com.tw
194,成瑞旅行社,陳秀婷,802高雄市苓雅區四維四路7號16樓,073392629,073387080,otts@netvigator.com.tw
195,天悅旅行社,張力本,80143高雄市前金區文武三街97號1、2樓,072161621,072161981,lipen@venus.seed.net.tw
196,非凡國際旅行社,戴美慧,89341高雄市前金區六合二路202之1號,072812600,072812597,extra.travel@msa.hinet.net
197,長藤旅行社,賴榮家,10452臺北市中山區民權東路1段53號7樓,0225953966,0225952466,
198,協輝旅行社,高武輝,70842臺南市安平區慶平路279號,06-2999695,06-2999684,startour@seed.net.tw
199,輕鬆假期旅行社,吳盈良,80247高雄市苓雅區三多四路31之1號,073351680,073301885,
200,大興旅行社,林秀玲,10466臺北市松江路72號12樓,0225671076,0225111634,tahsin@ms10.hinet.net
201,禾藤旅行社,葉亭儀,80145高雄市前金區中華三路77號12樓之2,072153719,072150292,seetheworldkhh@hotmail.com
202,百昱旅行社,賴素蘭,105臺北市松山區敦化北路201-6號12樓,0225471171,0225471604,n4511@ms43.hinet.net
203,鉅龍旅行社,甄恩航,80242高雄市苓雅區中山二路412號9樓之3,07-9539088,07-9539068,chulong.ts@msa.hinet.net
204,僑鵬旅行社,黃連同,80143高雄市中華三路97號1樓,072011887,072167928,louis661109@hotmail.com
205,,,,,,
206,元和旅行社,許明春,10463臺北市中山區林森北路131號4樓,0225411813,0225224712,jameskao@yenho.com.tw
207,富泰旅行社,劉小媛,104臺北市中山區南京東路2段11號6樓,0225627799,0225429220,rose5115@ms42.hinet.net
208,誠泰旅行社,陳麗芳,104臺北市中山區長安東路1段21號6樓,0225083877,0225072671,pj367038@ms36.hinet.net
209,帆華旅行社,陳黃美珠,10489臺北市南京東路2段206號12樓之2,0225151168,0225077616,panhua.travel@msa.hinet.net
210,福安旅行社,白麗明,104臺北市中山區松江路301號6樓之2、之4,0225163488,0225071098,
211,,,,,,
212,路得旅行社,孟令軍,10449臺北市中山區松江路51號10樓之2,0225189933,0225180282,smartinw@ms22.hinet.net
213,欣祐弘旅行社,梁榮堯,10491臺北市中山區長安東路2段184號5樓之1,0227773091,0227523499,newyoho@yahoo.com.tw
214,山弘旅行社,林金和,55743南投縣竹山鎮昭德街39號1、2樓,0492645219,0492654950,easygo58@ms42.hinet.net
215,凱越旅行社,駱炫宏,10486臺北市中山區松江路111號10樓,0225077141,0225076079,goldenhyatt@umail.hinet.net  sp042156@mail.apol.com.tw
216,東方旅行社,李玉琴,10441臺北市中山區長安東路1段21號6樓之1,0221002908,0221002904,orient.lillian@gmail.com
217,,,,,,
218,富都旅行社,倪衛國,104臺北市中山區松江路158號5樓之1,0225628128,0225621348,ftntour@ms13.hinet.net
219,環遊國際旅行社,李沃耀,104臺北市中山區復興北路58號8樓之1,0227786911,0227731696,tpe@hitour.com.tw
220,翔順旅行社,羅麗瑩,10466臺北市松江路80號12樓,0225237227,0225215411,jacky@miragetour.com.tw
221,遠見旅行社,洪執中,10451臺北市中山區林森北路500號3樓之1,0221002040,0221002848,winking.travel@msa.hinet.net
222,八閩旅行社,林國宏,20941連江縣南竿鄉介壽村48號1、2樓,083623933,083626010,
223,歡笑旅行社,翁炳贊,10466臺北市中山區長安東路2段173號11樓、11樓之1,0227212166,0227212190,smile788@ms43.hinet.net
224,,,,,,
225,和平旅行社,康沛威,104臺北市中山區長安東路2段108號8樓之2、之3,0225181507,0225045093,
226,億都旅行社,符忠龍,40448臺北市中山區松江路66號9樓,0225112208,0225112926,edo.travelservices@yahoo.com.tw
227,豪鵬旅行社,林誠,10457臺北市中山區南京東路2段96號12樓之3,0225413877,0225603082,service@macototours.com
228,十勝旅行社,宋壯飛,10449臺北市中山區長安東路2段108號11樓之2,0225091848,0277018953,tokachi@giga.net.tw
229,,,,,,
230,太豐旅行社,丁朝明,10049臺北市中正區北平東路24號3樓之3,0223581347,0223957124,tayfeng.ads1@msa.hinet.net
231,采風錄旅行社,許俊賢,110臺北市信義區光復南路495號5樓之4,0287882677,0287862201,windtour@windtour.com.tw
232,大原旅行社,曾敬南,10461臺北市中山區南京東路3段132號10樓,0287738133,0287738131,ohala8@gmail.com
233,海灣旅行社,梁揆強,11052臺北市信義區基隆路2段48號7樓,0227296846,0227299240,ayth168@yahoo.com.tw
234,宏聯旅行社,張志維,40741臺中市豐原區圓環南路161號1樓,0425295666,0425296066,
235,京城天下旅行社,吳志健,10469臺北市中山區南京東路2段76號11樓,0225673201,0225602375,castle.tours@msa.hinet.net
236,國鼎旅行社,陳善國,10448臺北市林森北路100號9樓之1,0225231052,0225319832,ab0005@tpe.atti.net.tw
237,閔盛國際旅行社,蔡淑卿,10491臺北市中山區長安東路2段106號9樓,0225161898,0225161868,Jackie888568@yahoo.com.tw
238,金明生旅行社,吳明生,89341金門縣金城鎮珠浦東路13之5號1、2樓,082-352409,082-355588,
239,,,,,,
240,順怡旅行社,曲士梅,10352臺北市中山區松江路190號3樓、3樓之1,0225230985,0225230828,
241,金品旅行社,呂世雄,10046臺北市中山區長安東路1段27號9樓之1,0225232211,0225812233,LiuFEI@GOLDEN-ETS.com.tw
242,永達旅行社,林聖雄,50067彰化縣彰化市金馬路3段489號2樓,047639996,047634714,ever.tour@msa.hinet.net
243,泰元旅行社,林長杰,40457臺中市北區進化北路238號7樓之1,0422312555,0422310322,jack@taiyuan.com.tw
244,總廣旅行社,林佑庭,10471臺北市松江路220號2樓之1,0225371777,0225373016,tzoong25371777@yahoo.com.tw
245,安達天下旅行社,林  青,10449臺北市長安東路2段108號3樓,0225160599,0225047488,polo@tpe.atti.net.tw
246,三越旅行社,齊雁蘋,10485臺北市長春路172號5樓,0225182701,0225182705,v5155105@ms35.hinet.net
247,,,,,,
248,,,80141高雄市前金區新盛二街76號,072515170,072414863,gsts@gsts.com.tw
249,楓蓮旅行社,吳嘉獎,893福建省金門縣金城鎮民族路13號1樓、2樓,082324558,082324531,fenglian@ms35.hinet.net
250,世帝喜旅行社,新加坡商JTB PTE LTD法人代表    前土井智克,10448臺北市中山區中山北路2段60號9、10樓,0225682111,0225629933,
251,達偉旅行社,侯伯俊,40741臺中市西屯區大墩二十街175號1、2樓,0423199826,0423107340,cugt.golf@msa.hinet.net
252,,,,,,
253,萬達旅行社,徐建志,10454臺北市中山區南京東路1段92號6樓,0225222244,0225604748,oka.sun@msa.hinet.net
254,,,,,,
255,快樂旅行社,黃瑞榮,80145高雄市前金區中華三路77號3樓之1,072159928,072159818,
256,大安國際旅行社,黃雅玲,40746臺中市西屯區文心路3段241號18樓之6,0422952117,0422966859,
257,金瓜石旅行社,詹景棠,10449臺北市中山區松江路309號6樓之5,0225097668,0225097659,
258,今天旅行社,馬永奎,10479臺北市中山區建國北路2段33號9樓之7,0225092840,0225062947,ma@todaytour.com.tw
259,冠翔國際旅行社,張冠玲,10048臺北市中正區忠孝西路1段41號4樓之1,0223120328,0223120395,
260,世和旅行社,林耕宇,80142高雄市前金區中華三路98號8樓之6,072417973,072827126,w0228h@ms59.hinet.net
261,九太國際旅行社,沈中信,23546新北市中和區連城路268號2樓之4,0282278776,0282278827,
262,菲美運通旅行社,雍利企業股份有限公司代表人李嘉寅,10460臺北市中山區長安東路1段25號11樓,0225675488,,
263,福客旅行社,沈信立,80043高雄市新興區民享街128號1、2樓,072823738,072735693,
264,春悅旅行社,楊美玲,97191花蓮縣新城鄉嘉里路159之5號2樓,038267707,038267727,
265,百世旅行社,洪鄭美玉,70142臺南市東區東門路1段358號8樓之3,062004567,062006606,coka.tour@msa.hinet.net
266,信安旅行社,蔡向忠,10472臺北市松江路131之28號14樓,0225077484,0225082326,service@peacetour.com.tw
267,竹企旅行社,江百松,30052新竹市中華路1段324號2樓,035356966,035314988,aero@cct-travel.com.tw
268,歐蘭旅行社,鳳凰國際旅行社股份有限公司法人代表張巍耀,104臺北市中山區長安東路1段25號4樓,0225378268,,wen52698@ms59.hinet.net
269,千豐國際旅行社,陳汝芳,10462臺北市中山區長春路15號4樓之1,0225422626,0225641806,cf.tour@msa.hinet.net
270,,,,,,
271,品辰旅行社,旭海國際科技股份有限公司法人代表賴佳維,10450臺北市中山區中山北路2段115巷47號2樓,0225311722,0225231735,
272,晶華國際旅行社,劉漢傑,10462臺北市中山區長春路67號2樓,0225115116,0225671198,hung1226@sinamail.com
273,中國海峽旅行社,許淑玲,10478臺北市中山區民生東路3段3號10樓,0255885888,0255821861,
274,名家旅行社,海英倫,10449臺北市中山區松江路23號8樓,0225159008,0225042002,tarence@protour.com.tw
275,華曜旅行社,許俊雄,103臺北市大同區承德路3段58號2樓之2,0225992100,0225997406,a581728@ms54.hinet.net
276,天銨國際旅行社,蕭康民,10460臺北市中山區民生東路1段42號6樓之6、7、8、9,0225114567,0225620899,
277,華倫旅行社,蔣秀宜,807高雄市三民區民成街36號1樓,073862488,073891481,
278,皇牌旅行社,陳  健,40347臺中市忠明南路16號7樓之1,0423227112,0423226955,wu3093870@yahoo.com.tw
279,安安安旅行社,鄒菀宜,104臺北市中山區長春路172號5樓之4,0225173383,0225173080,louisatsou76@hotmail.com
280,北極星國際旅行社,黃明峰,10465臺北市南京東路2段98號5樓,02-25715757,02-25419150,manage.tpe@colatour.com.tw
281,育昇國際旅行社,蔡宗佑,80054高雄市新興區中正三路129號5樓之3,072722900,072516605,2722813@ms37.hinet.net
282,年樺旅行社,康振剛,10669臺北市大安區忠孝東路四段155號7樓之10,0227772646,0227783459,nienhwagramtour@livemail.tw
283,港祥旅行社,陳興隆,104臺北市中山區南京東路2段36號4樓,0225716300,0225716059,
284,,,,,,
285,駿樺旅行社,吳再旺,10459臺北市中山區民權東路2段46號7樓,0266088166,0266086543,
286,環宇國際旅行社,陳慶憲,104臺北市中山區松江路50號6樓,0225676199,0225681120,pei888@ms13.hinet.net
287,惠康旅行社,康維民,80143高雄市前金區中山橫路93號3樓之5,072850067,072850627,welcom.tour@msa.hinet.net
288,,,,,,
289,育旅旅行社,趙張麗容,10460臺北市中山區農安街32號6樓之8、之9、之10,0225910798,,347@pagic.net
290,花翎旅行社,黃國瑞,404臺中市北區博館路89號4樓之1,0423232758,0423232658,fairy111@ms57.hinet.net
291,國際翔鶴旅行社,戴昌朝,20542基隆市暖暖區碇內街420號6樓,0224967165,0224965331,
292,台灣西敏旅行社,香港商西敏旅行社有限公司法人代表盧輝華,10487臺北市中山區南京東路3段77號11樓之1,0225027988,0225010990,
293,永欽旅行社,李銘欽,10471臺北市中山區松江路220號9樓之7,0225819006,0225818991,yc@yctravel.com.tw
294,鴻樺旅行社,王瓊敏,80748高雄市三民區建國二路26號3樓之5,075618877,075619615,
295,明日之星旅行社,蔡京宏,105臺北市松山區八德路3段210號8樓,0225785833,0225783984,
296,天河旅行社,楊少文,80145高雄市前金區五福三路82號16樓,072615899,072611299,
297,中華國際旅行社,張兆裕,10487臺北市中山區長春路366號2樓之1,0287703055,0287703058,jnp@ms43.hinet.net
298,光華旅行社,陳國森,10449臺北市中山區南京東路2段96號9樓,0225518866,0225817592,kokatour@ms38.hinet.net
299,富丞旅行社,鄭育麟,40741臺中市西屯區台中港路2段122之19號14樓之3,0424512900,0424512909,
300,,,,,,
301,,,,,,
302,金字塔國際旅行社,王金鈺,10449臺北市長安東路2段77號4樓,0225156262,0225153845,pittour@ms68.url..com.tw
303,信用國際旅行社,蘇麗珠,80144高雄市前金區中正四路211號21樓之4,072728988,,card.tour@msa.hinet.net
304,翔豐旅行社,黃雪梅,10465臺北市南京東路2段90號5樓,0225312050,,
305,普欣旅行社,陳彩杏,10498臺北市中山區南京東路2段178號8樓,0277027769,0277027767,ben013066@yahoo.com.tw
306,竹風旅行社,謝永仁,30041新竹市林森路108號1、2樓,035213921,035237455,jenny@1b.hinet.net
307,柏達旅行社,薄文甫,110臺北市中山區南京東路1段120號4樓,0255568858,0255568859,whatmore-rose@hotmail.com
308,康得旅行社,施家文,103臺北市大同區承德路1段35號8樓之2,0225523669,0225591758,jean@contact.com.tw
309,天意旅行社,涂正瑜,11083臺北市信義區忠孝東路5段508號5樓之1,0223466600,0227596483,fttrvl@ms27.hinet.net
310,愛友旅行社,林明哲,800高雄市新興區興華路55號1、2樓,072364178,072371045,
311,東森旅行社,昇漢旅行社股份有限公司法人代表 柯汝慧,10491臺北市中山區長安東路2段196號2樓、198號2樓,0227772366,0227772586,travel_etholiday@emg.com.tw
312,新聯華國際旅行社,陳曾志瑛,104臺北市中山區長安東路2段52號9樓,0225819225,0225819225,
313,創世紀國際旅行社,邱華僑,10466臺北市中山區松江路82號7樓之2,0225210329,0225628210,
314,冠鵬旅行社,陳森木,10644臺北市中山區松江路131之5號,0225083878,0225015239,service@skytravel.com.tw
315,大慶旅運社,郭清輝,88041澎湖縣馬公市中正路60號2樓,069273881,069273884,
316,千園旅行社,林志明,80147高雄市前金區中正四路172之1號1樓,072153456,072153436,
317,合冠旅行社,謝瑞敏,80245高雄市苓雅區四維三路198-5號8樓之2,073388721,073348354,
318,新瑞旅行社,王正志,10465臺北市中山區南京東路2段97號11樓,0225113253,0225623282,wang.kelly@msa.hinet.net
319,福慧旅行社,莊明萩,10452臺北市中山區民權東路1段76號11樓,0225115798,0225115791,louis688@ms43.hinet.net
320,迎家國際旅行社,繆霞芬,105臺北市松山區民權東路3段178號5樓,0266001688,0266002149,service@ilovetravel.com.tw
321,華胤旅行社,陳慧芬,110臺北市信義區忠孝東路5段412 號12樓之3,0227586526,0287881135,
322,堡聖達旅行社,蔡長榮,10490臺北市大安區羅斯福路3段281號5樓之2,02-33652456,02-33652595,
323,威信旅行社,鄭傑仁,104臺北市信義區基隆路一段186號7樓之3,0227117272,022778003,lee@yoyotaiwan.com.tw
324,皇翔國際旅行社,黃莞琴,10351臺北市大同區重慶北路3段22號1樓,0225862277,0225958957,hhitours@ms34.hinet.net
325,,,,,,
326,台灣貴豪旅行社,黃駿馳,80606高雄市前鎮區一心一路241號8樓之2,079713888,079703811,
327,君朋旅行社,孫志惠,10449臺北市中山區南京東路2段36號11樓,0225222222,0225623333,bo9445@ms18.hinet.net
328,,,,,,
329,,,,,,
330,世貿旅行社,祝旭華,10349臺北市大同區長安西路150號2樓,0225557770,0225526454,funtaiwan001@hotmail.com
331,東菱旅行社,詹振榮,10461臺北市中山區南京東路1段34號9樓,0225671055,0225671240,jan12081967@yahool.com.tw
332,三盛國際旅行社,廖美美,10472臺北市中山區松江路200號4樓之2,0225630698,,
333,國裕旅行社,陳旗全,10472臺北市中山區民生東路1段51號6樓之1,0225818500,0225110845,
334,環世旅行社,長榮物流股份有限公司法人代表 吳善楨,10459臺北市中山區民生東路2段172號6樓,0225083222,0225083558,rtwagt@ms43.hinet.net
335,,,,,,
336,永利旅行社,丁萊,10472臺北市建國北路2段33號7樓之6,0225066252,0225067574,y5066252@ms14.hinet.net
337,多加旅行社,盧華誠,10447臺北市中山區長安東路1段13號8樓,0225311110,0225622486,
338,姊妹旅行社,蔡仁雄,33052桃園縣桃園市萬壽路3段156號1樓,033340928,033340930,sisterts@ms42.hinet.net
339,欣業旅揚旅行社,李江河,10449臺北市中山區長安東路2段118之5號6樓,0225181358,0225181996,
340,昱星國際旅行社,阮文麟,104臺北市中山區南京東路三段109巷3號2樓,0225083758,0225083319,
341,東豐旅行社,歐華娣,900屏東縣屏東市中正路60號1樓,087337835,087325300,tungfung@khh.atti.net.tw
342,,,,,,
343,全家旅行社,陳陲陽,40342臺中市市府路39號8樓5室,0422276789,0422272808,jct.tour@msa.hinet.net
344,,,,,,
345,長安國際運通旅行社,張鳳美,10351臺北市大同區長安西路106號7樓,0225522127,0225522107,stephenchen@hi-lite.com.tw
346,樂活旅行社,許淑芳,10491臺北市中山區長安東路2段162號3樓,0227771997,0227771514,
347,華督旅行社,林淑華,22046新北市板橋區三民路2段37號8樓之2,0289613838,0289613861,
348,泰星旅行社,曾成利,10545臺北市復興北路57號2樓之1,0227527328,0227771758,Tsengjack@greatstar.com.tw
349,一榮旅行社,陳希典,10449臺北市松江路54號11樓,0225637566-8,0225367892,
350,東旭旅行社,東森得意購股份有限公司法人代表梁馬利,23581新北市中和區景平路266號1樓,0229431123,0289431565,
351,萬通國際旅行社,羅芳祥,802高雄市苓雅區光華一路206號16樓之3,072239535,072239536,info@milliontour.tw
352,伊美旅行社,陳永彰,32646桃園縣楊梅市民族路5段167巷1號,034906381,034200864,immenses@ms58.hinet.net
353,立榮旅行社,蔣月媚,404臺中市北屯區景賢二路502號1樓,0424350855,0424363685,
354,,,,,,
355,日王旅行社,張建農,10485臺北市中山區松江路185號10樓之3、之4,0225048333,0225411333,jktours@ms72.hinet.net
356,千里興國際旅行社,韓偉祥,80453高雄市鼓山區明誠三路689號3樓,07-5588007,07-5588011,
357,國洲旅行社,林淑玲,10452臺北市中山區民權東路一段55號10樓,0225925178,0225923026,
358,,,,,,
359,卓越國際旅行社,黃兆謙,80247高雄市苓雅區四維四路7號9樓,072918866,072918838,shenkai@m5.is.net.tw
360,,,,,,
361,全球通旅行社,秦文沂,10487臺北市中山區龍江路96號5樓,02-25067800,02-25065100,
362,自然國際旅行社,白偉志,10449臺北市中山區長安東路2段77號6樓之2,2517-3977,2517-3980,nature.travel@msa.hinet.net
363,松江國際旅行社,林松茂,80257高雄市苓雅區福壽街167巷13號1、2樓,077155989,077155720,e89622@hotmail.com
364,大昌旅行社,鄭春綢,10472臺北市中山區長春路172號5樓之5,0225068065,0225090819,
365,登峰國際旅行社,謝冠群,10451臺北市中山區復興北路60號3樓之1,0227752255,0227731122,
366,,,,,,
367,吉鵬旅行社,唐默蒂,10352臺北市大同區南京西路76號6樓,2550-2466,2550-2515,emilia@ok-tours.com.tw
368,百科旅行社,許耀仁,10485臺北市中山區松江路185號5樓之4,0225151302,0225151126,annie928@ms22.hinet.net
369,金馬旅行社,何金章,893金門縣金城鎮金城新莊1巷14號1樓,082312512,082312511,golden@goldenmail.com.tw
370,,,,,,
371,鴻運旅行社,孔繁智,104臺北市中山區松江路185號12樓,25026656,25029980,
372,西北旅行社,陳瑞生,40347臺中市大隆路20號7樓之10,0423223339,04-3222857,nwtour@ms27.hinet.tw
373,航達旅行社,新加坡商假日旅行社股份有限公司法人代表朱德旺,10486臺北市中山區松江路111號11樓之1,0225095111,2552-6132,
374,台灣運達旅行社,陳清鎮,104臺北市中山區南京東路1段16號6樓之7,0225679868,0225684818,Stephenyin@1b.hinet.net
375,百威旅行社,蘇志斌,10467臺北市松山區復興北路57號7樓,2516-8311,2752-4395,best_way_travel@yahoo.com
376,明邦旅行社,田宇嫻,104臺北市中山區南京東路3段208號2樓,02-77016358,02-55552666,
377,輝安旅行社,李潔雯,10452臺北市中山區民權西路11號8樓,0225850517,,
378,,,,,,
379,,,,,,
380,,,,,,
381,富康旅行社,謝明秀,801高雄市前金區中正四路235號9樓之1、之2,072727799,079717899,
382,一六八國際旅行社,孫宜君,10445臺北市大同區民生西路290號4樓,6608-6168,2552-6629,service@168play.com
383,常新旅行社,陳玉琳,106臺北市大安區新生南路1段133-5號(3樓),23252561,23254151,
384,長伸旅行社,滕春霜,10452臺北市中山區撫順街2號9樓之3,0225927885,0225924318,
385,創新旅行社,張瓊芝,116臺北市中山區長安東路1段4號(4樓),0225630451,034566218,
386,東岳旅行社,楊啟宏,80748高雄市博愛一路189號11樓,07-3114988,07-3115487,young@agent.abacus.com.tw
387,運通國際旅行社,陳寶珠,70846臺南市安平區健康三街23號1樓,06-2977358,06-2979818,
388,哈比旅行社,徐士麗,320桃園縣平鎮市廣明路76號1、2樓,03-4942288,03-4941634,happy568@ms49.hinet.net
389,三奇旅行社,陳文昌,806高雄市前鎮區民權二路594號(2樓),073346188,073346199,
390,美好旅行社,柯雅雯,10490臺北市中山區長安東路2段178號10樓之4,2755-2324,2754-1432,fabulous@ms13.hinet.net
391,,,,,,
392,光輝國際旅行社,劉庭榕,10472臺北市中山區松江路129號6樓之3,0225066143,0225080236,5717@tata.org.tw
393,雲海旅行社,徐海貴,70157臺南市東區文化一街181號2樓,06-3353000,06-3363000,a3353000@yahoo.com.tw
394,晨安旅行社,謝雅芬,10457臺北市中山區南京東路2段50號10樓,0225651111,0225651116,islandtour_service@islandtour.com.tw/service@oceantravel.∼/
395,大通旅行社,林伯洲,10669臺北市忠孝東路4段132號8樓,2771-1355,2731-0475,daitsu@ms23.hinet.net
396,加利利旅行社,彭榮富,10544臺北市松山區復興北路337號5樓,0227173188,0227120673,kimchuang@galilee.com.tw
397,華夏國際旅行社,雍利企業股份有限公司法人代表李嘉寅,10485臺北市中山區南京東路2段157號2樓,0225188055,0225185256,
398,尚華旅行社,蔡月里,10449臺北市中山區松江路80號4樓,0225232886,0225412309,d120748@ms25.hinet.net
399,一路發旅行社,孫惠珊,10351臺北市大同區民權西路136號9樓之8,25578616,25533294,elofa168@hotmail.com
400,,,,,,
401,台灣那比旅行社,"日商NAVI. COM CO.,LTD.法人代表王明忠",10454臺北市中山區南京東路1段92號7樓,0225233883,0225233787,
402,麗東國際商旅旅行社,李建中,10483臺北市中山區松江路309號9樓,02-25092100,02-25092055,
403,華豪旅行社,楊金柱,80147高雄市前金區自強一路22號4樓之1,07-2515255,07-2512308,hardrods@ms29.hinet.net
404,航友旅行社,張文顯,70143臺南市大同路2段595號1樓,06-2680000,06-2688541,hytravel@ms25.hinet.net
405,香海旅行社,陳明瑾,110臺北市信義區松隆路327號8樓,0227610269,0227610829,chosen@ms10.hinet.net
406,三通旅行社,李婉苓,10454臺北市中山區南京東路1段120號9樓之3,02-25363603,02-25365465,s2992345@ms24.hinet.net
407,,,,,,
408,永迎旅行社,王至珍,100臺北市中正區臨沂街75巷6號2樓,0233933918,0233933938,Everwin.tour@msa.hinet.net
409,寶馬旅行社,蔡興民,10457臺北市中山區南京東路2段100號7樓之3,0225318006,,
410,統一友友旅行社,羅智先,10552新北市板橋區雙十路3段8號2樓,0282582788,,
411,博覽家旅行社,閻萍,10667臺北市大安區復興南路2段237號9樓之13,0227078095,0227078016,
412,亞洲旅行社,黃輝躍,80606高雄市前鎮區一心一路241號8樓之2,079713888,072412510,asiatpe@ms15.hinet.net
413,,,,,,
414,中英旅行社,林秉毅,10455臺北市中山區松江路3號4樓,0225255933,0225255932,ce.tour@msa.hinet.net
415,大眾旅行社,黃其輝,10465臺北市南京東路2段90號4樓,25219955,5671370,pctour@ms49.hinet.net
416,安美旅行社,李金蓮,80661高雄市前鎮區中山二路91號19樓之4,073344498,073346246,
417,華偉旅行社,蘇仁助,500彰化縣彰化市金馬路3段75號1樓,04-7263565,04-7263585,@ms26.hinet.net
418,華鵬旅行社,何政育,106臺北市大安區羅斯福路3段77號10樓,23622608,23622928,
419,五福國際旅行社,五福旅行社股份有限公司法人代表 謝宏明,105臺北市松山區南京東路3段287號6樓,0225605905,,
420,德運旅行社,林淑華,80144高雄市前金區中正四路235號17樓之3,07-2511198,07-2418978,
421,寶泰旅行社,李沃耀,10488臺北市中山區復興北路58號6樓,0227786911,0227407566,
422,喬品旅行社,方巳馹,10351臺北市大同區長安西路66號7樓,0225216428,0225216443,cptsweb@cpts.com.tw
423,亞柏國際旅行社,亞太國際物流股份有限公司法人代表韓瑞材,80147高雄市前金區中正四路103號10樓之6,072160818,078412902,vivi914@mail.apct.com.tw
424,帝樂旅行社,楊明?,40745臺中市西屯區四川路87巷21號1樓,0423170588,0423170576,n23118607@yahoo.com.tw
425,康莊旅行社,周梅娟,10449臺北市中山區長安東路2段82號9樓之1,0225000118,0225000116,
426,世成旅行社,邵洛坤,80253高雄市苓雅區光華一路206號12樓之10,03-2201023,03-2203589,abc360@ms32.hinet.net
427,尚通旅行社,陳思蒼,104臺北市中山區復興北路62號5樓之2,0227520875,0227510475,
428,長樂旅行社,蔡至勇,40347臺中市西區梅川西路一段23號(5樓),0423728907,0423714518,
429,隆誠旅行社,吳全成,40355臺中市西區五權路2之24號1樓、2樓,0423758888,0423783838,lctour@ms23.hinet.net
430,優美旅行社,阮淑娟,80741高雄市三民區天宮街10號1、2樓,322-5522,323-5333,yomex7@ms45.hinet.net
431,星錡旅行社,金子玲子,10352臺北市大同區南京西路41號8樓,02-25526811,,
432,福泰旅行社,王振政,10449臺北市中山區松江路101號11樓,0225092828,0225095119,Ac4@tristar.com.tw
433,鼎運旅行社,陳彩杏,10489臺北市中山區南京東路2段178號8樓,0225182000,0225189111,
434,力圓旅行社,胡台幸,10447臺北市中山區長安東路1段16號9樓之2,0225238088,0225319842,cindy-js@tpe.atti.net.tw
435,一信國際旅行社,石坤錩,80143高雄市前金區中華四路282號11樓,072151051,072159757,besttour168@seed.net.tw
436,深華旅行社,周世峰,10456臺北市中山區長安東路2段52號7樓之3,047286876,047224897,
437,旅順旅行社,黃柏仲,83045高雄市鳳山區文衡路9號1樓,077479633,077404320,
438,星亞旅行社,廖文鈴,10667臺北市忠孝東路4段2號6樓之4,2731-0541,27402703,wendy3354@hotmail.com
439,燦星旅遊網旅行社,燦星國際旅行社股份有限公司法人代表張鈞,11494臺北市內湖區堤頂大道1段331號3樓(4樓),0281783100,0227966155,service@startravel.com.tw
440,佳瑛旅行社,林玉華,104臺北市中山區建國北路1段148號5樓,2501-6000,2503-1202,
441,朋來旅行社,蔡長榮,10647臺北市大安區羅斯福路3段281號5樓之2,0223658133,2515-1186,
442,弘悅旅行社,秋芊羽,10483臺北市中山區民權東路2段148號4樓,02-25160686,02-25160663,
443,中貿旅行社,陳怡璇,10485臺北市中山區南京東路2段137號8樓,02-77373838,02-77373939,
444,金氏旅行社,謝玉貞,80148高雄市前金區五福三路82號15樓,0225070887,,
445,鴻國旅行社,林建智,350苗栗縣竹南鎮民族街57號2樓,037-472564,037-474564,toptour@ispeed.com.tw
446,唯客樂旅行社,劉芷青,10450臺北市中山區復興北路2號7樓之10,2751-1661,2751-1572,sales.itis@msa.hinet.net
447,海豚灣旅行社,陳其隆,88049澎湖縣馬公市新店路421號,069221567,069221899,
448,大葉旅行社,鄭美麗,701臺南市東區崇德四街7巷21號1、2樓,062894004,062894011,
449,燦星國際旅行社,法人股東燦星網通股份有限公司法人代表 楊文芳,11494臺北市內湖區堤頂大道1段331號3樓(4樓),02-81783100,02-27966126,
450,大益旅行社,陳勁州,70441臺南市北區前鋒路293號8樓之3,06-2749701,06-2361405,d9638@ms49.hinet.net
451,三貿旅行社,鄭漢文,500彰化縣彰化市東民街58號2樓,04-7253333,04-7243472,shammy@seed.net.tw
452,詠莉旅行社,樓麗萍,970花蓮縣花蓮市建國路286號1、2樓,03-8359477,03-8357567,wintour@ms18.hinet.net
453,翔陽旅行社,張簡瑞玉,80141高雄市前金區自強一路22號5樓之1,07-2416697,,
